rank,movement,points,competitions_played,competitor_id
1,0,8320,21,sr:competitor:14898
1,0,8320,21,sr:competitor:637970
3,0,8030,14,sr:competitor:16160
4,0,7940,15,sr:competitor:15568
5,0,7320,25,sr:competitor:53785
6,0,6540,23,sr:competitor:59131
6,0,6540,23,sr:competitor:108099
8,0,5410,27,sr:competitor:95801
9,0,5110,22,sr:competitor:15310
10,2,4570,21,sr:competitor:51836
11,2,4570,22,sr:competitor:49363
12,-2,4380,19,sr:competitor:36593
13,-2,4290,18,sr:competitor:52293
14,1,4140,27,sr:competitor:52065
15,-1,4060,16,sr:competitor:74173
16,0,3755,32,sr:competitor:47295
17,0,3575,27,sr:competitor:121182
18,0,3050,26,sr:competitor:16608
19,0,2940,26,sr:competitor:14835
20,0,2940,27,sr:competitor:52202
21,1,2840,26,sr:competitor:52951
22,8,2830,35,sr:competitor:47966
23,-2,2800,31,sr:competitor:78793
24,10,2680,39,sr:competitor:231090
25,-1,2640,27,sr:competitor:22967
26,-3,2620,30,sr:competitor:127646
27,-2,2555,31,sr:competitor:838776
28,-1,2490,26,sr:competitor:112805
29,-3,2445,16,sr:competitor:44553
30,-2,2440,29,sr:competitor:106349
31,-2,2440,35,sr:competitor:106559
32,1,2407,29,sr:competitor:393598
33,-2,2365,26,sr:competitor:114831
34,-2,2340,30,sr:competitor:76263
35,2,2312,18,sr:competitor:80665
36,-1,2305,31,sr:competitor:112969
36,-1,2305,31,sr:competitor:936355
38,0,2245,29,sr:competitor:70348
39,4,2200,30,sr:competitor:206889
40,-1,2185,23,sr:competitor:204781
41,0,2180,30,sr:competitor:231188
42,-2,2140,24,sr:competitor:152900
43,2,2060,32,sr:competitor:16124
44,0,2055,25,sr:competitor:59324
45,1,2025,24,sr:competitor:15548
45,1,2025,24,sr:competitor:38181
47,-5,1985,28,sr:competitor:25189
48,0,1985,35,sr:competitor:280601
49,0,1975,33,sr:competitor:111195
50,2,1970,30,sr:competitor:16042
51,-1,1950,27,sr:competitor:66864
52,1,1765,16,sr:competitor:14553
53,2,1755,31,sr:competitor:234124
54,0,1755,32,sr:competitor:234044
55,1,1745,21,sr:competitor:62410
56,-5,1680,16,sr:competitor:16151
57,2,1615,6,sr:competitor:90798
58,-1,1580,33,sr:competitor:23899
59,2,1571,32,sr:competitor:52244
60,-2,1558,26,sr:competitor:17038
61,-1,1550,31,sr:competitor:15305
62,0,1528,33,sr:competitor:204495
63,0,1490,14,sr:competitor:299130
64,0,1477,28,sr:competitor:41475
65,0,1406,28,sr:competitor:16992
66,0,1391,32,sr:competitor:108755
67,0,1386,30,sr:competitor:16573
68,1,1378,27,sr:competitor:243522
69,7,1365,29,sr:competitor:56629
70,-2,1284,26,sr:competitor:1020797
71,-1,1261,35,sr:competitor:256001
72,0,1216,2,sr:competitor:39726
73,0,1195,36,sr:competitor:287215
74,0,1180,30,sr:competitor:230186
75,0,1180,38,sr:competitor:422955
76,3,1145,36,sr:competitor:297448
77,-6,1140,26,sr:competitor:81059
78,-1,1122,33,sr:competitor:49306
79,6,1091,38,sr:competitor:1015089
80,0,1076,33,sr:competitor:15588
81,-3,1058,29,sr:competitor:52263
82,-1,1045,37,sr:competitor:180104
83,3,1035,31,sr:competitor:16823
84,-2,1009,36,sr:competitor:48646
85,-2,1006,36,sr:competitor:614090
86,-2,1005,35,sr:competitor:16198
87,1,987,37,sr:competitor:121032
88,-1,972,30,sr:competitor:548169
89,2,949,35,sr:competitor:263865
90,2,949,37,sr:competitor:973963
91,-2,940,36,sr:competitor:628034
92,-2,935,33,sr:competitor:209202
93,33,880,7,sr:competitor:808628
94,9,876,30,sr:competitor:98413
95,0,875,6,sr:competitor:104847
96,2,867,34,sr:competitor:163538
97,-1,864,33,sr:competitor:113889
98,-1,862,37,sr:competitor:240880
99,0,850,3,sr:competitor:359602
100,1,846,33,sr:competitor:95923
101,8,846,34,sr:competitor:145936
102,0,845,31,sr:competitor:45105
103,56,825,3,sr:competitor:863319
104,-11,825,12,sr:competitor:871495
105,-5,825,38,sr:competitor:92845
106,-1,823,30,sr:competitor:296270
107,6,821,31,sr:competitor:59700
108,-4,814,26,sr:competitor:918463
109,-3,811,30,sr:competitor:450383
110,2,802,35,sr:competitor:157396
111,-4,800,5,sr:competitor:158912
112,-18,782,27,sr:competitor:147104
113,-2,781,27,sr:competitor:628218
114,17,770,14,sr:competitor:57163
115,-7,760,31,sr:competitor:99377
116,-2,750,8,sr:competitor:63606
117,-2,747,33,sr:competitor:111607
118,-8,746,38,sr:competitor:210736
119,-3,735,34,sr:competitor:295508
120,9,723,39,sr:competitor:126622
121,-1,719,33,sr:competitor:272245
122,-1,718,34,sr:competitor:310972
123,4,714,35,sr:competitor:297502
124,-7,701,33,sr:competitor:90110
125,0,701,40,sr:competitor:731833
126,-2,691,36,sr:competitor:37637
127,8,690,21,sr:competitor:405969
128,0,689,32,sr:competitor:233144
129,-11,689,36,sr:competitor:161220
130,0,685,26,sr:competitor:42151
131,1,676,28,sr:competitor:113221
132,-10,674,38,sr:competitor:98981
133,8,671,35,sr:competitor:223868
134,-11,667,31,sr:competitor:55989
135,16,662,32,sr:competitor:112061
136,2,658,32,sr:competitor:145008
137,-3,657,23,sr:competitor:110707
138,5,652,28,sr:competitor:380004
139,-3,650,13,sr:competitor:300540
140,-1,647,34,sr:competitor:76361
141,-4,644,37,sr:competitor:77011
142,0,630,7,sr:competitor:106755
143,-24,630,8,sr:competitor:90080
144,-4,622,36,sr:competitor:54609
145,1,620,23,sr:competitor:73572
146,-1,612,35,sr:competitor:322589
147,-3,609,33,sr:competitor:880089
148,-1,608,34,sr:competitor:390480
149,-1,600,30,sr:competitor:124708
150,-1,595,28,sr:competitor:505542
151,-18,559,29,sr:competitor:53759
152,-2,547,24,sr:competitor:437794
153,0,542,16,sr:competitor:809324
154,0,540,10,sr:competitor:122368
155,2,535,24,sr:competitor:185434
156,-1,532,33,sr:competitor:272273
157,-1,527,34,sr:competitor:161448
158,-6,519,25,sr:competitor:25458
159,-1,519,29,sr:competitor:55745
160,4,506,17,sr:competitor:210592
161,-1,498,22,sr:competitor:103625
162,-1,495,14,sr:competitor:169496
163,5,485,12,sr:competitor:168420
164,3,485,31,sr:competitor:79223
165,-3,485,35,sr:competitor:25021
166,0,481,37,sr:competitor:60614
167,2,472,35,sr:competitor:739643
168,-5,470,33,sr:competitor:77653
169,-4,467,29,sr:competitor:853643
170,20,465,24,sr:competitor:497320
171,0,464,24,sr:competitor:44637
172,3,461,31,sr:competitor:16854
173,-1,454,10,sr:competitor:1128937
174,-1,452,25,sr:competitor:220590
175,1,452,31,sr:competitor:202735
176,-2,450,17,sr:competitor:534043
177,16,450,25,sr:competitor:628226
178,7,448,24,sr:competitor:63446
179,-1,437,24,sr:competitor:53483
180,-1,437,29,sr:competitor:50148
181,-1,433,27,sr:competitor:292414
182,-1,431,26,sr:competitor:660427
183,-6,431,32,sr:competitor:208123
184,-2,430,13,sr:competitor:100069
185,-2,430,17,sr:competitor:104917
186,-16,428,14,sr:competitor:38180
187,-3,421,21,sr:competitor:927343
188,0,414,29,sr:competitor:72420
189,-3,412,14,sr:competitor:146040
190,-3,405,10,sr:competitor:204117
191,-2,397,35,sr:competitor:58877
192,-1,386,28,sr:competitor:210636
193,20,385,23,sr:competitor:407791
194,0,379,34,sr:competitor:96629
195,0,377,31,sr:competitor:182086
196,0,376,36,sr:competitor:52260
197,0,372,19,sr:competitor:723013
198,0,371,22,sr:competitor:348308
199,-7,371,30,sr:competitor:163540
200,691,370,3,sr:competitor:127208
201,0,368,22,sr:competitor:220588
202,-2,364,34,sr:competitor:645442
203,-4,362,29,sr:competitor:154490
204,15,361,30,sr:competitor:95939
205,-3,361,35,sr:competitor:1025093
206,-2,360,10,sr:competitor:16409
207,-2,359,30,sr:competitor:452787
208,1,359,33,sr:competitor:289021
209,-3,358,21,sr:competitor:250231
210,4,357,27,sr:competitor:48225
211,6,352,35,sr:competitor:170976
212,-2,347,8,sr:competitor:371448
213,-2,345,6,sr:competitor:938667
214,-6,340,33,sr:competitor:1020369
215,1,339,33,sr:competitor:193912
216,2,336,30,sr:competitor:181384
217,3,334,34,sr:competitor:395828
218,4,329,35,sr:competitor:761136
219,2,328,18,sr:competitor:305776
220,3,316,20,sr:competitor:132558
221,3,316,29,sr:competitor:106395
222,-7,314,15,sr:competitor:283759
223,2,310,29,sr:competitor:77501
224,-17,308,22,sr:competitor:81763
225,3,308,33,sr:competitor:733153
226,9,307,22,sr:competitor:378220
227,2,306,7,sr:competitor:102151
228,-1,305,21,sr:competitor:518742
229,1,302,6,sr:competitor:94485
230,1,300,6,sr:competitor:87690
231,-19,297,31,sr:competitor:85877
232,0,296,16,sr:competitor:82157
233,0,295,8,sr:competitor:405977
234,0,293,20,sr:competitor:222628
235,4,293,20,sr:competitor:111609
236,2,291,20,sr:competitor:252239
237,0,291,22,sr:competitor:822192
238,11,289,31,sr:competitor:447733
239,-13,287,24,sr:competitor:154570
240,0,285,31,sr:competitor:170964
241,0,284,10,sr:competitor:49417
242,0,282,30,sr:competitor:418253
243,0,277,7,sr:competitor:515510
244,29,277,27,sr:competitor:389078
245,38,276,30,sr:competitor:319353
246,0,275,24,sr:competitor:768772
247,0,274,19,sr:competitor:163438
248,-12,273,19,sr:competitor:221556
249,2,271,15,sr:competitor:686911
250,2,271,16,sr:competitor:116616
251,4,270,6,sr:competitor:102339
252,4,270,6,sr:competitor:122366
252,-49,270,6,sr:competitor:339377
254,337,270,9,sr:competitor:399637
255,2,270,10,sr:competitor:255595
256,33,270,35,sr:competitor:200873
257,1,268,22,sr:competitor:381022
258,13,268,32,sr:competitor:130442
259,0,267,14,sr:competitor:66086
260,1,267,21,sr:competitor:216502
261,-11,267,29,sr:competitor:1080832
262,0,266,23,sr:competitor:219398
263,1,265,11,sr:competitor:763106
264,-16,265,25,sr:competitor:322801
265,0,264,18,sr:competitor:287541
266,0,264,27,sr:competitor:55293
267,0,262,12,sr:competitor:722431
268,0,258,11,sr:competitor:263917
269,0,258,17,sr:competitor:369630
270,0,258,28,sr:competitor:58989
271,1,257,8,sr:competitor:565070
272,-12,252,17,sr:competitor:682903
273,3,252,22,sr:competitor:69362
274,3,252,27,sr:competitor:84671
275,-31,251,15,sr:competitor:229024
276,-31,251,30,sr:competitor:60920
277,3,250,2,sr:competitor:46391
277,2,250,2,sr:competitor:47975
279,2,250,8,sr:competitor:145112
280,2,250,12,sr:competitor:125006
281,14,249,26,sr:competitor:395890
282,3,246,15,sr:competitor:43761
283,-8,246,18,sr:competitor:564952
284,2,246,28,sr:competitor:24009
285,101,246,28,sr:competitor:179294
286,1,245,15,sr:competitor:303862
287,-13,243,25,sr:competitor:407785
288,2,242,8,sr:competitor:515478
289,3,240,15,sr:competitor:312440
290,3,240,26,sr:competitor:207777
291,-7,239,15,sr:competitor:434058
292,15,238,30,sr:competitor:83263
293,3,230,8,sr:competitor:256875
294,14,230,14,sr:competitor:195458
295,-7,228,16,sr:competitor:268441
296,-18,228,23,sr:competitor:685379
297,0,228,29,sr:competitor:412829
298,21,226,18,sr:competitor:588081
299,1,225,2,sr:competitor:309954
300,1,225,18,sr:competitor:284835
301,1,225,25,sr:competitor:273883
302,-4,225,29,sr:competitor:202681
303,21,223,20,sr:competitor:92667
304,2,223,22,sr:competitor:215778
305,-2,222,13,sr:competitor:457059
306,10,222,34,sr:competitor:99043
307,-2,221,17,sr:competitor:82133
308,-45,220,9,sr:competitor:43319
309,-5,218,31,sr:competitor:376372
310,-19,217,15,sr:competitor:396126
311,-2,217,20,sr:competitor:353586
312,-2,216,12,sr:competitor:530317
313,-1,216,37,sr:competitor:154740
314,11,215,29,sr:competitor:1196859
315,-16,214,27,sr:competitor:318187
316,-5,213,15,sr:competitor:369572
317,-2,212,22,sr:competitor:873679
318,27,210,17,sr:competitor:84659
319,-1,209,16,sr:competitor:312728
320,-26,209,23,sr:competitor:244388
321,-1,208,11,sr:competitor:240264
322,0,208,27,sr:competitor:342822
323,9,206,20,sr:competitor:538457
324,24,206,21,sr:competitor:866247
325,-4,206,21,sr:competitor:301896
326,-12,206,29,sr:competitor:458575
327,-4,205,5,sr:competitor:126356
328,41,205,6,sr:competitor:63438
329,-12,205,23,sr:competitor:403357
330,-3,200,9,sr:competitor:294300
331,-3,200,12,sr:competitor:682913
332,19,200,27,sr:competitor:908699
333,-4,199,10,sr:competitor:603420
334,-4,199,15,sr:competitor:353548
335,-22,199,28,sr:competitor:750283
336,-3,198,15,sr:competitor:605854
337,66,197,25,sr:competitor:441576
338,-4,196,28,sr:competitor:840614
339,-4,196,29,sr:competitor:906831
340,-4,195,13,sr:competitor:145122
341,-4,195,18,sr:competitor:635386
342,-4,195,21,sr:competitor:312436
343,-4,195,24,sr:competitor:679481
344,-4,194,9,sr:competitor:228372
345,-4,194,14,sr:competitor:46259
346,-4,194,16,sr:competitor:305558
347,-4,194,31,sr:competitor:130494
348,-4,193,14,sr:competitor:1011445
349,-2,190,39,sr:competitor:124934
350,2,189,29,sr:competitor:297608
351,-2,188,12,sr:competitor:64920
352,-26,186,13,sr:competitor:287543
353,-3,186,17,sr:competitor:450343
354,-8,186,32,sr:competitor:217192
355,25,185,27,sr:competitor:215696
356,36,183,20,sr:competitor:515498
357,27,183,34,sr:competitor:246745
358,-3,182,8,sr:competitor:51345
359,-3,182,9,sr:competitor:224024
360,-2,182,21,sr:competitor:141882
361,-2,181,16,sr:competitor:251091
362,37,181,36,sr:competitor:171072
363,-2,180,1,sr:competitor:671637
364,-2,180,1,sr:competitor:972327
365,-5,180,3,sr:competitor:117916
365,-2,180,2,sr:competitor:223874
365,-2,180,3,sr:competitor:407783
366,-2,180,3,sr:competitor:675175
367,0,180,4,sr:competitor:175014
367,0,180,4,sr:competitor:472975
369,0,180,5,sr:competitor:337601
369,0,180,5,sr:competitor:763108
371,1,180,6,sr:competitor:254383
372,1,180,7,sr:competitor:266711
373,1,180,10,sr:competitor:163480
374,1,180,13,sr:competitor:77223
375,1,179,7,sr:competitor:373348
376,1,179,20,sr:competitor:126402
377,1,178,8,sr:competitor:387066
378,1,178,20,sr:competitor:494844
379,16,178,22,sr:competitor:433906
380,1,177,9,sr:competitor:414501
381,45,177,21,sr:competitor:212046
382,9,176,23,sr:competitor:812360
383,0,175,30,sr:competitor:337607
384,-53,174,15,sr:competitor:18066
385,8,173,14,sr:competitor:54975
386,11,173,15,sr:competitor:161868
387,-2,173,21,sr:competitor:431697
388,-28,172,31,sr:competitor:155860
389,-35,172,45,sr:competitor:759758
390,-3,170,5,sr:competitor:121668
391,-3,169,23,sr:competitor:180948
392,-3,169,28,sr:competitor:48055
393,-11,168,13,sr:competitor:93589
394,-4,167,6,sr:competitor:443702
395,-1,163,22,sr:competitor:645452
396,0,160,4,sr:competitor:496346
397,-44,159,12,sr:competitor:115239
398,0,159,13,sr:competitor:341188
399,25,158,13,sr:competitor:119150
400,118,158,16,sr:competitor:952887
401,-1,158,16,sr:competitor:65606
402,-1,158,19,sr:competitor:350814
403,-1,158,34,sr:competitor:16852
404,-47,157,16,sr:competitor:177658
405,-1,154,15,sr:competitor:809322
406,-1,152,25,sr:competitor:308834
407,9,152,35,sr:competitor:160104
408,-2,151,15,sr:competitor:812862
409,-2,150,1,sr:competitor:233184
410,-2,150,8,sr:competitor:170946
411,-2,150,26,sr:competitor:230152
412,-2,149,17,sr:competitor:686709
413,-2,149,18,sr:competitor:121248
414,-2,149,22,sr:competitor:833418
415,-2,148,25,sr:competitor:312348
416,5,148,31,sr:competitor:120956
417,72,147,19,sr:competitor:48459
418,-3,147,23,sr:competitor:652290
419,3,147,23,sr:competitor:668817
420,12,147,24,sr:competitor:529399
421,-3,145,9,sr:competitor:393518
422,1,142,9,sr:competitor:243478
423,4,142,25,sr:competitor:797282
424,5,141,3,sr:competitor:212004
425,5,141,9,sr:competitor:51100
426,5,141,16,sr:competitor:637610
427,67,141,19,sr:competitor:978579
428,8,139,16,sr:competitor:983047
429,-1,139,25,sr:competitor:256481
430,7,138,6,sr:competitor:365412
431,8,137,10,sr:competitor:345060
432,8,137,18,sr:competitor:56361
433,72,137,18,sr:competitor:861461
434,13,137,30,sr:competitor:580165
435,6,135,4,sr:competitor:108767
436,6,135,10,sr:competitor:891669
437,6,135,12,sr:competitor:88992
438,6,133,17,sr:competitor:951299
439,6,133,17,sr:competitor:644676
440,-26,133,27,sr:competitor:228766
441,5,133,28,sr:competitor:244783
442,6,132,13,sr:competitor:603820
443,6,132,15,sr:competitor:215492
444,-9,131,13,sr:competitor:418167
445,-25,131,24,sr:competitor:135828
446,4,130,5,sr:competitor:382056
447,-13,130,9,sr:competitor:223788
448,3,130,16,sr:competitor:114885
449,4,130,18,sr:competitor:649038
450,4,129,4,sr:competitor:101157
451,4,128,4,sr:competitor:402317
452,4,128,12,sr:competitor:412813
453,4,127,9,sr:competitor:283965
454,4,127,25,sr:competitor:518802
455,6,126,9,sr:competitor:210502
456,6,126,19,sr:competitor:540211
457,-19,126,22,sr:competitor:256393
458,13,126,25,sr:competitor:79227
459,5,125,13,sr:competitor:16564
460,5,125,19,sr:competitor:138712
461,13,125,23,sr:competitor:935773
462,4,124,5,sr:competitor:341218
463,23,124,6,sr:competitor:342826
464,3,124,14,sr:competitor:844730
465,3,124,21,sr:competitor:681071
466,29,124,23,sr:competitor:654133
467,2,123,7,sr:competitor:359608
468,2,123,9,sr:competitor:508496
469,93,122,22,sr:competitor:614172
470,2,121,11,sr:competitor:117866
471,-54,120,4,sr:competitor:682911
472,3,120,9,sr:competitor:78387
473,3,120,13,sr:competitor:353298
474,60,120,17,sr:competitor:299818
475,-56,120,20,sr:competitor:156826
476,1,120,31,sr:competitor:439474
477,1,119,13,sr:competitor:609146
478,1,119,14,sr:competitor:25726
479,-46,119,14,sr:competitor:797330
480,0,119,19,sr:competitor:783794
481,-22,119,24,sr:competitor:350440
482,-1,119,24,sr:competitor:255601
483,-23,118,4,sr:competitor:908817
484,-2,118,12,sr:competitor:96239
485,-12,118,13,sr:competitor:294248
486,84,118,21,sr:competitor:245343
487,-2,118,22,sr:competitor:1027521
488,-5,118,23,sr:competitor:342976
488,-5,118,23,sr:competitor:342978
490,-3,117,9,sr:competitor:157394
491,-3,117,14,sr:competitor:211992
492,-67,117,16,sr:competitor:165234
493,-3,117,20,sr:competitor:844726
494,8,117,20,sr:competitor:283349
495,-4,117,21,sr:competitor:213234
496,-4,117,22,sr:competitor:100317
497,-4,117,26,sr:competitor:445313
498,-1,115,4,sr:competitor:258735
1,0,10500,15,sr:competitor:72376
2,0,9900,15,sr:competitor:51387
3,0,7793,18,sr:competitor:43860
4,0,7308,14,sr:competitor:78551
5,0,6905,23,sr:competitor:41524
6,0,6785,24,sr:competitor:69718
7,0,6575,21,sr:competitor:96075
8,0,5830,26,sr:competitor:19607
9,0,5083,16,sr:competitor:18936
10,0,4983,19,sr:competitor:64496
11,0,4854,27,sr:competitor:74949
12,0,4635,15,sr:competitor:19202
13,2,4540,26,sr:competitor:46084
14,0,4440,6,sr:competitor:66968
15,-2,4420,13,sr:competitor:69208
16,0,3835,24,sr:competitor:99131
17,0,3613,13,sr:competitor:43102
18,1,3400,16,sr:competitor:153652
19,-1,3370,17,sr:competitor:37508
20,0,3219,21,sr:competitor:45835
21,0,3180,26,sr:competitor:119670
22,2,2918,12,sr:competitor:18298
23,2,2793,10,sr:competitor:871583
24,3,2774,28,sr:competitor:64021
25,3,2658,25,sr:competitor:24431
26,0,2625,22,sr:competitor:50537
27,2,2620,14,sr:competitor:588071
28,2,2556,22,sr:competitor:43547
29,-7,2481,26,sr:competitor:129714
29,-7,2481,30,sr:competitor:142996
31,0,2393,29,sr:competitor:208125
32,0,2386,25,sr:competitor:41520
33,1,2360,20,sr:competitor:33593
34,2,2321,25,sr:competitor:157672
35,2,2303,27,sr:competitor:73542
36,-1,2288,17,sr:competitor:128584
37,-4,2268,20,sr:competitor:91960
38,0,2181,28,sr:competitor:150122
39,0,2158,18,sr:competitor:776340
40,3,2146,28,sr:competitor:47801
41,-1,2125,26,sr:competitor:19932
42,0,2082,30,sr:competitor:48625
43,13,2054,12,sr:competitor:67759
44,-3,2041,24,sr:competitor:460837
45,1,1983,18,sr:competitor:242602
46,-1,1949,30,sr:competitor:166124
47,-3,1907,31,sr:competitor:47810
48,-1,1887,29,sr:competitor:19974
49,-1,1838,31,sr:competitor:51481
50,-1,1792,21,sr:competitor:45915
51,-1,1715,26,sr:competitor:182054
52,-1,1712,32,sr:competitor:108621
53,-1,1654,25,sr:competitor:46428
54,-1,1631,30,sr:competitor:182178
55,-1,1618,26,sr:competitor:66432
56,-1,1563,20,sr:competitor:49682
57,1,1535,28,sr:competitor:60668
58,26,1520,17,sr:competitor:401055
59,-2,1511,28,sr:competitor:70784
60,5,1510,12,sr:competitor:105463
61,-1,1504,27,sr:competitor:87090
62,7,1499,32,sr:competitor:69602
63,0,1487,29,sr:competitor:235252
64,-3,1485,7,sr:competitor:287769
65,-3,1481,28,sr:competitor:19731
66,-2,1462,8,sr:competitor:60398
67,-1,1453,5,sr:competitor:373352
68,-9,1406,6,sr:competitor:123824
69,-2,1340,32,sr:competitor:194106
70,-2,1329,33,sr:competitor:418583
71,1,1315,15,sr:competitor:289507
72,-2,1275,23,sr:competitor:173748
73,0,1228,17,sr:competitor:252223
74,1,1219,24,sr:competitor:215476
75,2,1211,23,sr:competitor:92879
76,-2,1200,28,sr:competitor:799304
77,-1,1163,14,sr:competitor:329535
78,0,1129,14,sr:competitor:286435
79,-8,1110,7,sr:competitor:138452
80,-1,1110,9,sr:competitor:19728
81,0,1109,12,sr:competitor:44834
82,-2,1065,22,sr:competitor:44977
83,-1,1050,12,sr:competitor:914135
84,-1,1042,25,sr:competitor:303814
85,0,1030,23,sr:competitor:71754
86,24,996,18,sr:competitor:53789
87,-1,957,26,sr:competitor:64085
88,-1,954,29,sr:competitor:226306
89,3,952,32,sr:competitor:385206
90,-2,945,14,sr:competitor:369524
91,-2,932,7,sr:competitor:103901
92,-2,927,28,sr:competitor:92877
93,-2,894,21,sr:competitor:378340
94,0,868,9,sr:competitor:18965
95,2,866,23,sr:competitor:48486
96,7,859,30,sr:competitor:93657
97,1,858,11,sr:competitor:360038
98,-3,842,28,sr:competitor:156040
98,-3,842,28,sr:competitor:210670
100,-1,840,14,sr:competitor:72758
101,-1,839,28,sr:competitor:183957
102,5,830,23,sr:competitor:51943
103,-1,820,32,sr:competitor:50915
104,0,803,33,sr:competitor:48451
105,0,803,22,sr:competitor:119216
106,0,800,8,sr:competitor:105099
107,-6,794,27,sr:competitor:245673
108,8,789,33,sr:competitor:52533
109,14,776,20,sr:competitor:129534
110,-2,767,27,sr:competitor:168526
111,-2,764,28,sr:competitor:448121
112,-1,759,24,sr:competitor:67430
113,-1,750,8,sr:competitor:534045
114,0,749,27,sr:competitor:628178
115,-2,734,10,sr:competitor:42289
116,-1,722,10,sr:competitor:813176
117,1,713,26,sr:competitor:143146
118,6,710,13,sr:competitor:453301
119,-2,696,23,sr:competitor:195408
120,-1,680,7,sr:competitor:18251
121,-1,676,15,sr:competitor:662257
122,-1,672,27,sr:competitor:250285
123,-1,668,9,sr:competitor:245295
124,1,658,34,sr:competitor:70728
125,1,649,29,sr:competitor:233266
126,1,639,22,sr:competitor:215806
127,1,636,21,sr:competitor:1022815
128,1,629,9,sr:competitor:319455
129,6,629,25,sr:competitor:473609
130,13,624,41,sr:competitor:325837
131,-1,622,13,sr:competitor:98733
132,-39,621,5,sr:competitor:59702
133,-2,621,27,sr:competitor:345134
134,-2,619,8,sr:competitor:150574
135,-2,615,32,sr:competitor:870981
136,-2,609,12,sr:competitor:272217
137,-1,599,16,sr:competitor:662615
138,-1,594,5,sr:competitor:211262
139,-1,593,24,sr:competitor:517274
140,-1,590,6,sr:competitor:179146
141,-1,590,15,sr:competitor:882091
142,2,589,25,sr:competitor:49118
143,-2,588,37,sr:competitor:80427
144,-2,585,21,sr:competitor:805538
145,0,581,26,sr:competitor:88494
146,0,576,19,sr:competitor:19847
147,0,569,33,sr:competitor:98523
148,0,567,9,sr:competitor:135854
149,0,562,4,sr:competitor:87834
150,0,554,4,sr:competitor:60392
151,0,553,10,sr:competitor:627278
152,0,523,27,sr:competitor:278943
153,0,523,20,sr:competitor:223862
154,0,518,22,sr:competitor:226092
155,12,515,18,sr:competitor:722877
156,-1,513,22,sr:competitor:880229
157,-1,512,19,sr:competitor:53288
158,-1,511,12,sr:competitor:141892
159,-1,508,28,sr:competitor:64315
160,-1,505,19,sr:competitor:506786
161,-1,505,25,sr:competitor:102637
162,-1,499,3,sr:competitor:85077
163,-1,498,14,sr:competitor:111189
164,0,495,29,sr:competitor:59762
165,50,495,24,sr:competitor:222546
166,-1,492,4,sr:competitor:52025
167,-1,490,24,sr:competitor:20158
168,-5,490,19,sr:competitor:290994
169,34,484,13,sr:competitor:52183
170,-1,479,14,sr:competitor:568715
171,-3,478,29,sr:competitor:148276
172,-2,477,16,sr:competitor:421379
173,21,474,14,sr:competitor:189384
174,-3,467,15,sr:competitor:47697
175,-3,466,4,sr:competitor:41877
176,-3,465,18,sr:competitor:435794
177,-2,460,22,sr:competitor:152106
178,-2,459,17,sr:competitor:203893
179,-2,457,12,sr:competitor:161270
180,-2,456,25,sr:competitor:142758
181,-2,455,2,sr:competitor:71250
182,-2,451,7,sr:competitor:71034
183,-2,450,25,sr:competitor:61526
184,-2,449,19,sr:competitor:70822
185,-2,444,16,sr:competitor:807358
186,-2,442,13,sr:competitor:137932
187,-2,441,30,sr:competitor:46625
188,-2,438,7,sr:competitor:406199
189,-2,436,9,sr:competitor:210558
190,-2,435,5,sr:competitor:299310
191,-2,434,22,sr:competitor:134532
192,-2,433,23,sr:competitor:378144
193,-1,429,20,sr:competitor:227486
194,11,427,20,sr:competitor:731441
195,-2,426,21,sr:competitor:66516
196,3,424,27,sr:competitor:230108
197,-1,423,12,sr:competitor:254551
198,-1,423,11,sr:competitor:501894
199,-1,421,18,sr:competitor:282597
200,-26,419,33,sr:competitor:52695
201,38,418,20,sr:competitor:731427
202,-2,417,7,sr:competitor:112957
203,-2,408,22,sr:competitor:213144
204,-9,405,23,sr:competitor:256447
205,1,399,11,sr:competitor:63220
206,1,399,25,sr:competitor:604242
207,1,398,6,sr:competitor:256547
208,1,398,26,sr:competitor:728507
209,1,395,27,sr:competitor:842594
210,8,395,24,sr:competitor:246945
211,0,393,24,sr:competitor:345070
212,0,392,6,sr:competitor:242630
213,0,391,5,sr:competitor:192108
214,-12,390,21,sr:competitor:45827
215,-2,390,4,sr:competitor:278887
216,0,389,10,sr:competitor:750327
217,0,384,7,sr:competitor:676251
218,1,381,9,sr:competitor:1017327
219,3,378,9,sr:competitor:261583
220,15,378,17,sr:competitor:414533
221,-1,377,3,sr:competitor:217912
222,-1,377,7,sr:competitor:19655
223,1,374,25,sr:competitor:264863
224,1,374,31,sr:competitor:233478
225,1,373,16,sr:competitor:387110
226,1,367,13,sr:competitor:868599
227,2,360,19,sr:competitor:870983
228,42,360,21,sr:competitor:105063
229,1,360,20,sr:competitor:936009
230,-7,359,23,sr:competitor:98105
231,3,358,7,sr:competitor:728549
232,0,358,8,sr:competitor:467037
233,0,358,18,sr:competitor:353358
234,-3,357,6,sr:competitor:152804
235,1,353,20,sr:competitor:812476
236,-32,352,16,sr:competitor:132412
237,0,352,24,sr:competitor:1020859
238,0,351,26,sr:competitor:476218
239,-48,349,20,sr:competitor:459317
240,0,348,23,sr:competitor:624838
241,0,347,16,sr:competitor:448123
242,6,345,20,sr:competitor:473937
243,12,341,22,sr:competitor:420819
244,-2,338,6,sr:competitor:445421
245,-17,338,14,sr:competitor:115507
246,-3,336,28,sr:competitor:244216
247,-3,335,25,sr:competitor:341196
248,-3,328,8,sr:competitor:192130
249,4,327,26,sr:competitor:202803
250,-4,326,18,sr:competitor:292540
251,-4,324,4,sr:competitor:459013
252,-3,324,18,sr:competitor:217036
253,-2,321,20,sr:competitor:1115539
254,0,319,12,sr:competitor:812502
255,1,317,6,sr:competitor:208105
256,-6,313,15,sr:competitor:356694
257,0,313,20,sr:competitor:78785
258,0,312,19,sr:competitor:745799
259,0,311,12,sr:competitor:215598
260,0,311,18,sr:competitor:750329
261,-9,308,23,sr:competitor:122668
262,0,305,11,sr:competitor:416473
263,0,304,9,sr:competitor:1020123
264,1,303,20,sr:competitor:515530
265,-4,296,14,sr:competitor:448081
266,0,295,13,sr:competitor:70970
267,1,294,12,sr:competitor:510530
268,1,294,19,sr:competitor:340365
269,3,291,30,sr:competitor:673491
270,7,291,17,sr:competitor:496316
271,0,290,11,sr:competitor:979575
272,1,286,9,sr:competitor:50655
273,8,286,15,sr:competitor:225468
274,0,284,29,sr:competitor:41359
275,0,283,5,sr:competitor:106341
276,0,283,15,sr:competitor:234398
277,1,282,32,sr:competitor:315663
278,8,282,19,sr:competitor:890199
279,0,282,20,sr:competitor:720627
280,9,280,22,sr:competitor:827398
281,12,279,21,sr:competitor:171354
282,-15,279,9,sr:competitor:431743
283,-1,276,14,sr:competitor:1027515
284,-1,276,17,sr:competitor:906635
285,-1,273,7,sr:competitor:1222991
286,-1,273,19,sr:competitor:517006
287,1,270,16,sr:competitor:494296
288,37,269,22,sr:competitor:904005
289,2,268,23,sr:competitor:254553
290,2,267,10,sr:competitor:675189
291,3,266,26,sr:competitor:447703
292,3,263,6,sr:competitor:143140
293,3,263,13,sr:competitor:505998
294,3,263,14,sr:competitor:870979
295,5,261,4,sr:competitor:62924
296,5,261,10,sr:competitor:160190
297,5,261,11,sr:competitor:933453
298,28,261,21,sr:competitor:262701
299,5,260,7,sr:competitor:69988
300,5,260,17,sr:competitor:118052
301,6,259,8,sr:competitor:845268
302,6,259,12,sr:competitor:99429
303,0,259,22,sr:competitor:505580
304,5,258,4,sr:competitor:19520
305,1,258,5,sr:competitor:172590
306,-19,258,13,sr:competitor:378226
307,-27,256,7,sr:competitor:283489
308,3,254,21,sr:competitor:380368
309,3,254,8,sr:competitor:911661
310,3,253,12,sr:competitor:380396
311,24,253,28,sr:competitor:409673
312,2,253,22,sr:competitor:777872
313,2,253,27,sr:competitor:47876
314,2,252,9,sr:competitor:46661
315,2,252,8,sr:competitor:679319
316,2,252,24,sr:competitor:242504
317,2,252,16,sr:competitor:195404
318,2,251,5,sr:competitor:675193
319,2,250,18,sr:competitor:209716
320,2,249,12,sr:competitor:335171
321,2,249,26,sr:competitor:786310
322,2,248,13,sr:competitor:257691
323,-24,247,20,sr:competitor:567551
324,-34,246,33,sr:competitor:1020177
325,-15,242,17,sr:competitor:337813
326,-28,241,16,sr:competitor:496378
327,0,240,1,sr:competitor:90664
328,0,240,21,sr:competitor:61922
329,0,240,26,sr:competitor:221510
330,0,238,8,sr:competitor:373354
331,0,237,6,sr:competitor:789688
332,1,237,15,sr:competitor:858867
333,-1,237,16,sr:competitor:833336
334,0,236,23,sr:competitor:286459
335,2,232,12,sr:competitor:289093
336,2,232,13,sr:competitor:319461
337,2,232,24,sr:competitor:382796
338,2,231,7,sr:competitor:315609
339,2,231,13,sr:competitor:45139
340,2,231,13,sr:competitor:104929
341,4,229,18,sr:competitor:857871
342,2,229,23,sr:competitor:797346
343,3,229,25,sr:competitor:1008651
344,3,228,2,sr:competitor:52273
345,3,227,36,sr:competitor:201105
346,3,227,16,sr:competitor:518748
347,3,225,4,sr:competitor:45545
348,3,225,17,sr:competitor:59213
349,3,225,14,sr:competitor:78431
350,4,224,10,sr:competitor:55793
351,4,222,8,sr:competitor:244985
352,-16,221,19,sr:competitor:164852
353,-10,221,25,sr:competitor:352784
354,90,220,5,sr:competitor:225130
355,2,220,21,sr:competitor:770242
356,2,218,12,sr:competitor:849553
357,3,217,7,sr:competitor:297588
358,4,215,13,sr:competitor:337811
359,4,215,18,sr:competitor:108857
360,25,215,20,sr:competitor:153744
361,34,215,14,sr:competitor:111767
362,2,214,9,sr:competitor:300496
363,2,214,10,sr:competitor:51651
364,-5,213,17,sr:competitor:658439
365,1,212,19,sr:competitor:133080
366,1,212,21,sr:competitor:762764
367,2,212,25,sr:competitor:568103
368,2,211,3,sr:competitor:801414
369,2,211,17,sr:competitor:739667
370,-9,210,15,sr:competitor:120664
371,-3,209,22,sr:competitor:37638
372,0,208,16,sr:competitor:310984
373,0,208,21,sr:competitor:133076
374,0,207,3,sr:competitor:113079
375,0,206,3,sr:competitor:352782
376,-20,206,23,sr:competitor:65610
377,-1,206,12,sr:competitor:567285
378,-1,205,5,sr:competitor:504238
379,-1,205,5,sr:competitor:99405
380,0,204,3,sr:competitor:577523
381,0,204,7,sr:competitor:41404
382,0,204,29,sr:competitor:341238
383,0,204,17,sr:competitor:801420
384,0,203,16,sr:competitor:927441
385,36,202,17,sr:competitor:60028
386,11,202,17,sr:competitor:348216
387,-1,201,16,sr:competitor:967949
388,0,200,16,sr:competitor:82609
389,0,200,23,sr:competitor:206957
390,-3,199,11,sr:competitor:799662
391,-1,197,19,sr:competitor:217056
392,-1,197,19,sr:competitor:179248
393,-1,196,16,sr:competitor:244184
394,-1,195,1,sr:competitor:186312
395,1,193,12,sr:competitor:586741
396,2,192,11,sr:competitor:103375
397,2,192,19,sr:competitor:185412
398,2,192,7,sr:competitor:71284
399,28,192,16,sr:competitor:513582
400,1,191,5,sr:competitor:586739
401,1,190,7,sr:competitor:790640
402,3,190,24,sr:competitor:324677
403,88,190,20,sr:competitor:932867
404,-1,189,3,sr:competitor:235260
405,-1,188,8,sr:competitor:134342
406,0,188,16,sr:competitor:515432
407,0,187,10,sr:competitor:835864
408,0,187,7,sr:competitor:165866
409,0,187,20,sr:competitor:154744
410,0,187,14,sr:competitor:209418
411,0,186,7,sr:competitor:49963
412,0,186,15,sr:competitor:157368
413,0,184,2,sr:competitor:341112
414,0,184,19,sr:competitor:262023
415,0,183,15,sr:competitor:965307
416,0,182,6,sr:competitor:18919
417,0,182,5,sr:competitor:79443
418,0,182,18,sr:competitor:875507
419,0,182,13,sr:competitor:918555
420,0,181,5,sr:competitor:938103
421,2,181,13,sr:competitor:813490
422,28,181,15,sr:competitor:620340
423,1,180,12,sr:competitor:121760
424,9,180,14,sr:competitor:83607
425,21,180,15,sr:competitor:505974
426,-47,179,22,sr:competitor:858079
427,8,178,17,sr:competitor:627510
428,0,177,21,sr:competitor:677411
429,0,175,25,sr:competitor:679485
430,0,174,6,sr:competitor:771430
431,0,174,18,sr:competitor:840734
432,39,174,18,sr:competitor:948061
433,-1,174,23,sr:competitor:111149
434,-8,173,17,sr:competitor:406401
435,2,172,14,sr:competitor:960043
436,-14,171,16,sr:competitor:72860
437,1,171,12,sr:competitor:1027517
438,1,169,10,sr:competitor:395740
439,1,169,9,sr:competitor:335165
440,1,169,25,sr:competitor:171026
441,2,167,19,sr:competitor:947289
442,5,165,21,sr:competitor:389048
443,-9,163,28,sr:competitor:315623
444,5,163,18,sr:competitor:280989
445,10,163,21,sr:competitor:898261
446,5,162,6,sr:competitor:234150
447,6,161,14,sr:competitor:1047963
448,6,161,11,sr:competitor:842634
449,-13,161,19,sr:competitor:208229
450,1,160,4,sr:competitor:132370
451,35,160,13,sr:competitor:1164921
452,4,160,9,sr:competitor:329009
453,-11,160,13,sr:competitor:59662
454,33,160,14,sr:competitor:783792
455,2,160,18,sr:competitor:120722
456,2,159,7,sr:competitor:55309
457,4,159,15,sr:competitor:373362
458,1,159,21,sr:competitor:783610
459,1,158,17,sr:competitor:1073106
460,-15,157,19,sr:competitor:1020179
461,1,157,7,sr:competitor:138654
462,1,157,11,sr:competitor:405105
463,1,157,14,sr:competitor:565020
464,1,157,17,sr:competitor:518838
465,1,156,11,sr:competitor:355958
466,1,156,21,sr:competitor:227342
467,1,155,9,sr:competitor:836764
468,1,154,14,sr:competitor:382264
469,1,154,7,sr:competitor:878645
470,3,153,25,sr:competitor:169960
471,3,151,2,sr:competitor:23082
472,4,151,18,sr:competitor:788274
473,4,151,23,sr:competitor:780674
474,4,150,5,sr:competitor:63682
475,6,149,11,sr:competitor:1052227
476,6,149,22,sr:competitor:46650
477,6,149,13,sr:competitor:849533
478,6,148,8,sr:competitor:107327
479,6,148,15,sr:competitor:1038811
480,89,148,16,sr:competitor:450331
481,8,146,15,sr:competitor:786086
482,6,145,22,sr:competitor:226170
483,7,145,19,sr:competitor:869687
484,-59,145,6,sr:competitor:1006809
485,7,145,21,sr:competitor:196552
486,8,144,20,sr:competitor:64191
487,8,144,13,sr:competitor:54961
488,8,144,15,sr:competitor:513666
489,8,144,16,sr:competitor:374218
490,8,143,5,sr:competitor:48455
491,-16,143,17,sr:competitor:310982
492,-13,143,17,sr:competitor:282057
493,-13,143,17,sr:competitor:960137
494,5,143,17,sr:competitor:234216
495,47,142,12,sr:competitor:904237
496,5,142,22,sr:competitor:447759
497,5,141,4,sr:competitor:505970
498,6,140,2,sr:competitor:19546
498,6,140,2,sr:competitor:19788
500,52,140,21,sr:competitor:86894
